scheduled_at_eest,owner,channel,mode,asset,tracked_link,whatsapp_share_url,telegram_share_url,x_share_url,facebook_share_url,status
2026-06-06 08:00 +0300,Dexter,Football groups,approval first,campaign/first-wave-posts.md,https://worldcup26.world/login?ref=26BC4B90CB&utm_source=football-groups&utm_medium=approval-first&utm_campaign=worldcup26_referral_72h&utm_content=dexter_h4,https://wa.me/?text=For%20football%20fans%20here%3A%0A%0AWorldCup26%20is%20a%20prediction%20game%20where%20you%20pick%203%20teams%20free%20first%20and%20see%20your%20private%20points%20preview.%0A%0APaid%20leaderboard%20entry%20happens%20only%20when%20you%20use%20a%20ticket.%0A%0AMy%20invite%20code%3A%2026BC4B90CB%0AJoin%20here%3A%0Ahttps%3A%2F%2Fworldcup26.world%2Flogin%3Fref%3D26BC4B90CB%26utm_source%3Dfootball-groups%26utm_medium%3Dapproval-first%26utm_campaign%3Dworldcup26_referral_72h%26utm_content%3Ddexter_h4,https://t.me/share/url?url=https%3A%2F%2Fworldcup26.world%2Flogin%3Fref%3D26BC4B90CB%26utm_source%3Dfootball-groups%26utm_medium%3Dapproval-first%26utm_campaign%3Dworldcup26_referral_72h%26utm_content%3Ddexter_h4&text=For%20football%20fans%20here%3A%0A%0AWorldCup26%20is%20a%20prediction%20game%20where%20you%20pick%203%20teams%20free%20first%20and%20see%20your%20private%20points%20preview.%0A%0APaid%20leaderboard%20entry%20happens%20only%20when%20you%20use%20a%20ticket.%0A%0AMy%20invite%20code%3A%2026BC4B90CB%0AJoin%20here%3A%0Ahttps%3A%2F%2Fworldcup26.world%2Flogin%3Fref%3D26BC4B90CB%26utm_source%3Dfootball-groups%26utm_medium%3Dapproval-first%26utm_campaign%3Dworldcup26_referral_72h%26utm_content%3Ddexter_h4,https://twitter.com/intent/tweet?text=For%20football%20fans%20here%3A%0A%0AWorldCup26%20is%20a%20prediction%20game%20where%20you%20pick%203%20teams%20free%20first%20and%20see%20your%20private%20points%20preview.%0A%0APaid%20leaderboard%20entry%20happens%20only%20when%20you%20use%20a%20ticket.%0A%0AMy%20invite%20code%3A%2026BC4B90CB%0AJoin%20here%3A%0Ahttps%3A%2F%2Fworldcup26.world%2Flogin%3Fref%3D26BC4B90CB%26utm_source%3Dfootball-groups%26utm_medium%3Dapproval-first%26utm_campaign%3Dworldcup26_referral_72h%26utm_content%3Ddexter_h4,https://www.facebook.com/sharer/sharer.php?u=https%3A%2F%2Fworldcup26.world%2Flogin%3Fref%3D26BC4B90CB%26utm_source%3Dfootball-groups%26utm_medium%3Dapproval-first%26utm_campaign%3Dworldcup26_referral_72h%26utm_content%3Ddexter_h4,ready
2026-06-06 13:00 +0300,Dexter,Facebook profile/page,manual post,media/worldcup26-referral-square.jpg,https://worldcup26.world/login?ref=26BC4B90CB&utm_source=facebook-profile-page&utm_medium=manual-post&utm_campaign=worldcup26_referral_72h&utm_content=dexter_h9,https://wa.me/?text=WorldCup26%20is%20open.%0A%0APick%203%20teams%20for%20free.%20See%20your%20private%20points%20preview.%0A%0AUse%20a%20ticket%20only%20if%20you%20want%20to%20enter%20the%20paid%20leaderboard.%0A%0AJoin%20with%20my%20code%3A%0A26BC4B90CB%0A%0Ahttps%3A%2F%2Fworldcup26.world%2Flogin%3Fref%3D26BC4B90CB%26utm_source%3Dfacebook-profile-page%26utm_medium%3Dmanual-post%26utm_campaign%3Dworldcup26_referral_72h%26utm_content%3Ddexter_h9,https://t.me/share/url?url=https%3A%2F%2Fworldcup26.world%2Flogin%3Fref%3D26BC4B90CB%26utm_source%3Dfacebook-profile-page%26utm_medium%3Dmanual-post%26utm_campaign%3Dworldcup26_referral_72h%26utm_content%3Ddexter_h9&text=WorldCup26%20is%20open.%0A%0APick%203%20teams%20for%20free.%20See%20your%20private%20points%20preview.%0A%0AUse%20a%20ticket%20only%20if%20you%20want%20to%20enter%20the%20paid%20leaderboard.%0A%0AJoin%20with%20my%20code%3A%0A26BC4B90CB%0A%0Ahttps%3A%2F%2Fworldcup26.world%2Flogin%3Fref%3D26BC4B90CB%26utm_source%3Dfacebook-profile-page%26utm_medium%3Dmanual-post%26utm_campaign%3Dworldcup26_referral_72h%26utm_content%3Ddexter_h9,https://twitter.com/intent/tweet?text=WorldCup26%20is%20open.%0A%0APick%203%20teams%20for%20free.%20See%20your%20private%20points%20preview.%0A%0AUse%20a%20ticket%20only%20if%20you%20want%20to%20enter%20the%20paid%20leaderboard.%0A%0AJoin%20with%20my%20code%3A%0A26BC4B90CB%0A%0Ahttps%3A%2F%2Fworldcup26.world%2Flogin%3Fref%3D26BC4B90CB%26utm_source%3Dfacebook-profile-page%26utm_medium%3Dmanual-post%26utm_campaign%3Dworldcup26_referral_72h%26utm_content%3Ddexter_h9,https://www.facebook.com/sharer/sharer.php?u=https%3A%2F%2Fworldcup26.world%2Flogin%3Fref%3D26BC4B90CB%26utm_source%3Dfacebook-profile-page%26utm_medium%3Dmanual-post%26utm_campaign%3Dworldcup26_referral_72h%26utm_content%3Ddexter_h9,ready
2026-06-06 21:00 +0300,Dexter,Creator outreach,manual outreach,campaign/first-wave-posts.md,https://worldcup26.world/login?ref=26BC4B90CB&utm_source=creator-outreach&utm_medium=manual-outreach&utm_campaign=worldcup26_referral_72h&utm_content=dexter_h17,https://wa.me/?text=Hey%20-%20I%20am%20promoting%20WorldCup26%2C%20a%20World%20Cup%20prediction%20game%20where%20users%20pick%203%20teams%20free%20first%2C%20see%20a%20private%20points%20preview%2C%20and%20can%20use%20a%20ticket%20later%20for%20the%20paid%20leaderboard.%0A%0AI%20have%20a%20video%2C%20captions%2C%20and%20a%20referral%20link%20ready%3A%0Ahttps%3A%2F%2Fworldcup26.world%2Flogin%3Fref%3D26BC4B90CB%26utm_source%3Dcreator-outreach%26utm_medium%3Dmanual-outreach%26utm_campaign%3Dworldcup26_referral_72h%26utm_content%3Ddexter_h17%0A%0ACode%3A%2026BC4B90CB%0A%0AWould%20you%20be%20open%20to%20one%20approved%20post%20or%20story%20for%20your%20football%20audience%3F,https://t.me/share/url?url=https%3A%2F%2Fworldcup26.world%2Flogin%3Fref%3D26BC4B90CB%26utm_source%3Dcreator-outreach%26utm_medium%3Dmanual-outreach%26utm_campaign%3Dworldcup26_referral_72h%26utm_content%3Ddexter_h17&text=Hey%20-%20I%20am%20promoting%20WorldCup26%2C%20a%20World%20Cup%20prediction%20game%20where%20users%20pick%203%20teams%20free%20first%2C%20see%20a%20private%20points%20preview%2C%20and%20can%20use%20a%20ticket%20later%20for%20the%20paid%20leaderboard.%0A%0AI%20have%20a%20video%2C%20captions%2C%20and%20a%20referral%20link%20ready%3A%0Ahttps%3A%2F%2Fworldcup26.world%2Flogin%3Fref%3D26BC4B90CB%26utm_source%3Dcreator-outreach%26utm_medium%3Dmanual-outreach%26utm_campaign%3Dworldcup26_referral_72h%26utm_content%3Ddexter_h17%0A%0ACode%3A%2026BC4B90CB%0A%0AWould%20you%20be%20open%20to%20one%20approved%20post%20or%20story%20for%20your%20football%20audience%3F,https://twitter.com/intent/tweet?text=Hey%20-%20I%20am%20promoting%20WorldCup26%2C%20a%20World%20Cup%20prediction%20game%20where%20users%20pick%203%20teams%20free%20first%2C%20see%20a%20private%20points%20preview%2C%20and%20can%20use%20a%20ticket%20later%20for%20the%20paid%20leaderboard.%0A%0AI%20have%20a%20video%2C%20captions%2C%20and%20a%20referral%20link%20ready%3A%0Ahttps%3A%2F%2Fworldcup26.world%2Flogin%3Fref%3D26BC4B90CB%26utm_source%3Dcreator-outreach%26utm_medium%3Dmanual-outreach%26utm_campaign%3Dworldcup26_referral_72h%26utm_content%3Ddexter_h17%0A%0ACode%3A%2026BC4B90CB%0A%0AWould%20you%20be%20open%20to%20one%20approved%20post%20or%20story%20for%20your%20football%20audience%3F,https://www.facebook.com/sharer/sharer.php?u=https%3A%2F%2Fworldcup26.world%2Flogin%3Fref%3D26BC4B90CB%26utm_source%3Dcreator-outreach%26utm_medium%3Dmanual-outreach%26utm_campaign%3Dworldcup26_referral_72h%26utm_content%3Ddexter_h17,ready
2026-06-07 01:00 +0300,Dexter,X / short feed,manual post,media/worldcup26-referral-16x9.jpg,https://worldcup26.world/login?ref=26BC4B90CB&utm_source=x-short-feed&utm_medium=manual-post&utm_campaign=worldcup26_referral_72h&utm_content=dexter_h21,https://wa.me/?text=WorldCup26%20is%20open.%0A%0APick%203%20teams%20for%20free.%20See%20your%20private%20points%20preview.%0A%0AUse%20a%20ticket%20only%20if%20you%20want%20to%20enter%20the%20paid%20leaderboard.%0A%0AJoin%20with%20my%20code%3A%0A26BC4B90CB%0A%0Ahttps%3A%2F%2Fworldcup26.world%2Flogin%3Fref%3D26BC4B90CB%26utm_source%3Dx-short-feed%26utm_medium%3Dmanual-post%26utm_campaign%3Dworldcup26_referral_72h%26utm_content%3Ddexter_h21,https://t.me/share/url?url=https%3A%2F%2Fworldcup26.world%2Flogin%3Fref%3D26BC4B90CB%26utm_source%3Dx-short-feed%26utm_medium%3Dmanual-post%26utm_campaign%3Dworldcup26_referral_72h%26utm_content%3Ddexter_h21&text=WorldCup26%20is%20open.%0A%0APick%203%20teams%20for%20free.%20See%20your%20private%20points%20preview.%0A%0AUse%20a%20ticket%20only%20if%20you%20want%20to%20enter%20the%20paid%20leaderboard.%0A%0AJoin%20with%20my%20code%3A%0A26BC4B90CB%0A%0Ahttps%3A%2F%2Fworldcup26.world%2Flogin%3Fref%3D26BC4B90CB%26utm_source%3Dx-short-feed%26utm_medium%3Dmanual-post%26utm_campaign%3Dworldcup26_referral_72h%26utm_content%3Ddexter_h21,https://twitter.com/intent/tweet?text=WorldCup26%20is%20open.%0A%0APick%203%20teams%20for%20free.%20See%20your%20private%20points%20preview.%0A%0AUse%20a%20ticket%20only%20if%20you%20want%20to%20enter%20the%20paid%20leaderboard.%0A%0AJoin%20with%20my%20code%3A%0A26BC4B90CB%0A%0Ahttps%3A%2F%2Fworldcup26.world%2Flogin%3Fref%3D26BC4B90CB%26utm_source%3Dx-short-feed%26utm_medium%3Dmanual-post%26utm_campaign%3Dworldcup26_referral_72h%26utm_content%3Ddexter_h21,https://www.facebook.com/sharer/sharer.php?u=https%3A%2F%2Fworldcup26.world%2Flogin%3Fref%3D26BC4B90CB%26utm_source%3Dx-short-feed%26utm_medium%3Dmanual-post%26utm_campaign%3Dworldcup26_referral_72h%26utm_content%3Ddexter_h21,ready
2026-06-07 04:00 +0300,Dexter,Feed post,manual post,media/worldcup26-referral-16x9.jpg,https://worldcup26.world/login?ref=26BC4B90CB&utm_source=feed-post&utm_medium=manual-post&utm_campaign=worldcup26_referral_72h&utm_content=dexter_h24,https://wa.me/?text=WorldCup26%20is%20open.%0A%0APick%203%20teams%20for%20free.%20See%20your%20private%20points%20preview.%0A%0AUse%20a%20ticket%20only%20if%20you%20want%20to%20enter%20the%20paid%20leaderboard.%0A%0AJoin%20with%20my%20code%3A%0A26BC4B90CB%0A%0Ahttps%3A%2F%2Fworldcup26.world%2Flogin%3Fref%3D26BC4B90CB%26utm_source%3Dfeed-post%26utm_medium%3Dmanual-post%26utm_campaign%3Dworldcup26_referral_72h%26utm_content%3Ddexter_h24,https://t.me/share/url?url=https%3A%2F%2Fworldcup26.world%2Flogin%3Fref%3D26BC4B90CB%26utm_source%3Dfeed-post%26utm_medium%3Dmanual-post%26utm_campaign%3Dworldcup26_referral_72h%26utm_content%3Ddexter_h24&text=WorldCup26%20is%20open.%0A%0APick%203%20teams%20for%20free.%20See%20your%20private%20points%20preview.%0A%0AUse%20a%20ticket%20only%20if%20you%20want%20to%20enter%20the%20paid%20leaderboard.%0A%0AJoin%20with%20my%20code%3A%0A26BC4B90CB%0A%0Ahttps%3A%2F%2Fworldcup26.world%2Flogin%3Fref%3D26BC4B90CB%26utm_source%3Dfeed-post%26utm_medium%3Dmanual-post%26utm_campaign%3Dworldcup26_referral_72h%26utm_content%3Ddexter_h24,https://twitter.com/intent/tweet?text=WorldCup26%20is%20open.%0A%0APick%203%20teams%20for%20free.%20See%20your%20private%20points%20preview.%0A%0AUse%20a%20ticket%20only%20if%20you%20want%20to%20enter%20the%20paid%20leaderboard.%0A%0AJoin%20with%20my%20code%3A%0A26BC4B90CB%0A%0Ahttps%3A%2F%2Fworldcup26.world%2Flogin%3Fref%3D26BC4B90CB%26utm_source%3Dfeed-post%26utm_medium%3Dmanual-post%26utm_campaign%3Dworldcup26_referral_72h%26utm_content%3Ddexter_h24,https://www.facebook.com/sharer/sharer.php?u=https%3A%2F%2Fworldcup26.world%2Flogin%3Fref%3D26BC4B90CB%26utm_source%3Dfeed-post%26utm_medium%3Dmanual-post%26utm_campaign%3Dworldcup26_referral_72h%26utm_content%3Ddexter_h24,ready
2026-06-07 08:00 +0300,Dexter,Football groups,approval first,campaign/first-wave-posts.md,https://worldcup26.world/login?ref=26BC4B90CB&utm_source=football-groups&utm_medium=approval-first&utm_campaign=worldcup26_referral_72h&utm_content=dexter_h28,https://wa.me/?text=For%20football%20fans%20here%3A%0A%0AWorldCup26%20is%20a%20prediction%20game%20where%20you%20pick%203%20teams%20free%20first%20and%20see%20your%20private%20points%20preview.%0A%0APaid%20leaderboard%20entry%20happens%20only%20when%20you%20use%20a%20ticket.%0A%0AMy%20invite%20code%3A%2026BC4B90CB%0AJoin%20here%3A%0Ahttps%3A%2F%2Fworldcup26.world%2Flogin%3Fref%3D26BC4B90CB%26utm_source%3Dfootball-groups%26utm_medium%3Dapproval-first%26utm_campaign%3Dworldcup26_referral_72h%26utm_content%3Ddexter_h28,https://t.me/share/url?url=https%3A%2F%2Fworldcup26.world%2Flogin%3Fref%3D26BC4B90CB%26utm_source%3Dfootball-groups%26utm_medium%3Dapproval-first%26utm_campaign%3Dworldcup26_referral_72h%26utm_content%3Ddexter_h28&text=For%20football%20fans%20here%3A%0A%0AWorldCup26%20is%20a%20prediction%20game%20where%20you%20pick%203%20teams%20free%20first%20and%20see%20your%20private%20points%20preview.%0A%0APaid%20leaderboard%20entry%20happens%20only%20when%20you%20use%20a%20ticket.%0A%0AMy%20invite%20code%3A%2026BC4B90CB%0AJoin%20here%3A%0Ahttps%3A%2F%2Fworldcup26.world%2Flogin%3Fref%3D26BC4B90CB%26utm_source%3Dfootball-groups%26utm_medium%3Dapproval-first%26utm_campaign%3Dworldcup26_referral_72h%26utm_content%3Ddexter_h28,https://twitter.com/intent/tweet?text=For%20football%20fans%20here%3A%0A%0AWorldCup26%20is%20a%20prediction%20game%20where%20you%20pick%203%20teams%20free%20first%20and%20see%20your%20private%20points%20preview.%0A%0APaid%20leaderboard%20entry%20happens%20only%20when%20you%20use%20a%20ticket.%0A%0AMy%20invite%20code%3A%2026BC4B90CB%0AJoin%20here%3A%0Ahttps%3A%2F%2Fworldcup26.world%2Flogin%3Fref%3D26BC4B90CB%26utm_source%3Dfootball-groups%26utm_medium%3Dapproval-first%26utm_campaign%3Dworldcup26_referral_72h%26utm_content%3Ddexter_h28,https://www.facebook.com/sharer/sharer.php?u=https%3A%2F%2Fworldcup26.world%2Flogin%3Fref%3D26BC4B90CB%26utm_source%3Dfootball-groups%26utm_medium%3Dapproval-first%26utm_campaign%3Dworldcup26_referral_72h%26utm_content%3Ddexter_h28,ready
2026-06-07 12:00 +0300,Dexter,X / short feed,manual post,media/worldcup26-referral-square.jpg,https://worldcup26.world/login?ref=26BC4B90CB&utm_source=x-short-feed&utm_medium=manual-post&utm_campaign=worldcup26_referral_72h&utm_content=dexter_h32,https://wa.me/?text=WorldCup26%20is%20open.%0A%0APick%203%20teams%20for%20free.%20See%20your%20private%20points%20preview.%0A%0AUse%20a%20ticket%20only%20if%20you%20want%20to%20enter%20the%20paid%20leaderboard.%0A%0AJoin%20with%20my%20code%3A%0A26BC4B90CB%0A%0Ahttps%3A%2F%2Fworldcup26.world%2Flogin%3Fref%3D26BC4B90CB%26utm_source%3Dx-short-feed%26utm_medium%3Dmanual-post%26utm_campaign%3Dworldcup26_referral_72h%26utm_content%3Ddexter_h32,https://t.me/share/url?url=https%3A%2F%2Fworldcup26.world%2Flogin%3Fref%3D26BC4B90CB%26utm_source%3Dx-short-feed%26utm_medium%3Dmanual-post%26utm_campaign%3Dworldcup26_referral_72h%26utm_content%3Ddexter_h32&text=WorldCup26%20is%20open.%0A%0APick%203%20teams%20for%20free.%20See%20your%20private%20points%20preview.%0A%0AUse%20a%20ticket%20only%20if%20you%20want%20to%20enter%20the%20paid%20leaderboard.%0A%0AJoin%20with%20my%20code%3A%0A26BC4B90CB%0A%0Ahttps%3A%2F%2Fworldcup26.world%2Flogin%3Fref%3D26BC4B90CB%26utm_source%3Dx-short-feed%26utm_medium%3Dmanual-post%26utm_campaign%3Dworldcup26_referral_72h%26utm_content%3Ddexter_h32,https://twitter.com/intent/tweet?text=WorldCup26%20is%20open.%0A%0APick%203%20teams%20for%20free.%20See%20your%20private%20points%20preview.%0A%0AUse%20a%20ticket%20only%20if%20you%20want%20to%20enter%20the%20paid%20leaderboard.%0A%0AJoin%20with%20my%20code%3A%0A26BC4B90CB%0A%0Ahttps%3A%2F%2Fworldcup26.world%2Flogin%3Fref%3D26BC4B90CB%26utm_source%3Dx-short-feed%26utm_medium%3Dmanual-post%26utm_campaign%3Dworldcup26_referral_72h%26utm_content%3Ddexter_h32,https://www.facebook.com/sharer/sharer.php?u=https%3A%2F%2Fworldcup26.world%2Flogin%3Fref%3D26BC4B90CB%26utm_source%3Dx-short-feed%26utm_medium%3Dmanual-post%26utm_campaign%3Dworldcup26_referral_72h%26utm_content%3Ddexter_h32,ready
2026-06-07 13:00 +0300,Dexter,Creator outreach,manual outreach,campaign/first-wave-posts.md,https://worldcup26.world/login?ref=26BC4B90CB&utm_source=creator-outreach&utm_medium=manual-outreach&utm_campaign=worldcup26_referral_72h&utm_content=dexter_h33,https://wa.me/?text=Hey%20-%20I%20am%20promoting%20WorldCup26%2C%20a%20World%20Cup%20prediction%20game%20where%20users%20pick%203%20teams%20free%20first%2C%20see%20a%20private%20points%20preview%2C%20and%20can%20use%20a%20ticket%20later%20for%20the%20paid%20leaderboard.%0A%0AI%20have%20a%20video%2C%20captions%2C%20and%20a%20referral%20link%20ready%3A%0Ahttps%3A%2F%2Fworldcup26.world%2Flogin%3Fref%3D26BC4B90CB%26utm_source%3Dcreator-outreach%26utm_medium%3Dmanual-outreach%26utm_campaign%3Dworldcup26_referral_72h%26utm_content%3Ddexter_h33%0A%0ACode%3A%2026BC4B90CB%0A%0AWould%20you%20be%20open%20to%20one%20approved%20post%20or%20story%20for%20your%20football%20audience%3F,https://t.me/share/url?url=https%3A%2F%2Fworldcup26.world%2Flogin%3Fref%3D26BC4B90CB%26utm_source%3Dcreator-outreach%26utm_medium%3Dmanual-outreach%26utm_campaign%3Dworldcup26_referral_72h%26utm_content%3Ddexter_h33&text=Hey%20-%20I%20am%20promoting%20WorldCup26%2C%20a%20World%20Cup%20prediction%20game%20where%20users%20pick%203%20teams%20free%20first%2C%20see%20a%20private%20points%20preview%2C%20and%20can%20use%20a%20ticket%20later%20for%20the%20paid%20leaderboard.%0A%0AI%20have%20a%20video%2C%20captions%2C%20and%20a%20referral%20link%20ready%3A%0Ahttps%3A%2F%2Fworldcup26.world%2Flogin%3Fref%3D26BC4B90CB%26utm_source%3Dcreator-outreach%26utm_medium%3Dmanual-outreach%26utm_campaign%3Dworldcup26_referral_72h%26utm_content%3Ddexter_h33%0A%0ACode%3A%2026BC4B90CB%0A%0AWould%20you%20be%20open%20to%20one%20approved%20post%20or%20story%20for%20your%20football%20audience%3F,https://twitter.com/intent/tweet?text=Hey%20-%20I%20am%20promoting%20WorldCup26%2C%20a%20World%20Cup%20prediction%20game%20where%20users%20pick%203%20teams%20free%20first%2C%20see%20a%20private%20points%20preview%2C%20and%20can%20use%20a%20ticket%20later%20for%20the%20paid%20leaderboard.%0A%0AI%20have%20a%20video%2C%20captions%2C%20and%20a%20referral%20link%20ready%3A%0Ahttps%3A%2F%2Fworldcup26.world%2Flogin%3Fref%3D26BC4B90CB%26utm_source%3Dcreator-outreach%26utm_medium%3Dmanual-outreach%26utm_campaign%3Dworldcup26_referral_72h%26utm_content%3Ddexter_h33%0A%0ACode%3A%2026BC4B90CB%0A%0AWould%20you%20be%20open%20to%20one%20approved%20post%20or%20story%20for%20your%20football%20audience%3F,https://www.facebook.com/sharer/sharer.php?u=https%3A%2F%2Fworldcup26.world%2Flogin%3Fref%3D26BC4B90CB%26utm_source%3Dcreator-outreach%26utm_medium%3Dmanual-outreach%26utm_campaign%3Dworldcup26_referral_72h%26utm_content%3Ddexter_h33,ready
2026-06-06 04:00 +0300,Sienna,WhatsApp Status,manual post,media/worldcup26-main-video.mp4,https://worldcup26.world/login?ref=26BC4B90CB&utm_source=whatsapp-status&utm_medium=manual-post&utm_campaign=worldcup26_referral_72h&utm_content=sienna_h0,https://wa.me/?text=I%20invited%20you%20to%20WorldCup26.%0A%0APick%203%20teams%20for%20free%2C%20see%20your%20private%20points%20preview%2C%20and%20use%20a%20ticket%20only%20if%20you%20want%20to%20enter%20the%20paid%20leaderboard.%0A%0AUse%20my%20referral%20code%2026BC4B90CB%20when%20you%20join%3A%0Ahttps%3A%2F%2Fworldcup26.world%2Flogin%3Fref%3D26BC4B90CB%26utm_source%3Dwhatsapp-status%26utm_medium%3Dmanual-post%26utm_campaign%3Dworldcup26_referral_72h%26utm_content%3Dsienna_h0%0A%0AThe%20event%20has%20not%20started%20yet%2C%20so%20all%20teams%20are%20still%20available%20right%20now.,https://t.me/share/url?url=https%3A%2F%2Fworldcup26.world%2Flogin%3Fref%3D26BC4B90CB%26utm_source%3Dwhatsapp-status%26utm_medium%3Dmanual-post%26utm_campaign%3Dworldcup26_referral_72h%26utm_content%3Dsienna_h0&text=I%20invited%20you%20to%20WorldCup26.%0A%0APick%203%20teams%20for%20free%2C%20see%20your%20private%20points%20preview%2C%20and%20use%20a%20ticket%20only%20if%20you%20want%20to%20enter%20the%20paid%20leaderboard.%0A%0AUse%20my%20referral%20code%2026BC4B90CB%20when%20you%20join%3A%0Ahttps%3A%2F%2Fworldcup26.world%2Flogin%3Fref%3D26BC4B90CB%26utm_source%3Dwhatsapp-status%26utm_medium%3Dmanual-post%26utm_campaign%3Dworldcup26_referral_72h%26utm_content%3Dsienna_h0%0A%0AThe%20event%20has%20not%20started%20yet%2C%20so%20all%20teams%20are%20still%20available%20right%20now.,https://twitter.com/intent/tweet?text=I%20invited%20you%20to%20WorldCup26.%0A%0APick%203%20teams%20for%20free%2C%20see%20your%20private%20points%20preview%2C%20and%20use%20a%20ticket%20only%20if%20you%20want%20to%20enter%20the%20paid%20leaderboard.%0A%0AUse%20my%20referral%20code%2026BC4B90CB%20when%20you%20join%3A%0Ahttps%3A%2F%2Fworldcup26.world%2Flogin%3Fref%3D26BC4B90CB%26utm_source%3Dwhatsapp-status%26utm_medium%3Dmanual-post%26utm_campaign%3Dworldcup26_referral_72h%26utm_content%3Dsienna_h0%0A%0AThe%20event%20has%20not%20started%20yet%2C%20so%20all%20teams%20are%20still%20available%20right%20now.,https://www.facebook.com/sharer/sharer.php?u=https%3A%2F%2Fworldcup26.world%2Flogin%3Fref%3D26BC4B90CB%26utm_source%3Dwhatsapp-status%26utm_medium%3Dmanual-post%26utm_campaign%3Dworldcup26_referral_72h%26utm_content%3Dsienna_h0,ready
2026-06-06 07:00 +0300,Sienna,Instagram/Facebook story,manual post,media/worldcup26-referral-story.jpg,https://worldcup26.world/login?ref=26BC4B90CB&utm_source=instagram-facebook-story&utm_medium=manual-post&utm_campaign=worldcup26_referral_72h&utm_content=sienna_h3,https://wa.me/?text=Pick%203%20teams%20before%20they%20lock.%0A%0AWatch%20your%20private%20points%20preview%20move%20with%20every%20match.%0A%0APaid%20leaderboard%20entry%20happens%20only%20when%20you%20use%20a%20ticket.%0A%0AJoin%20with%20code%2026BC4B90CB%3A%0Ahttps%3A%2F%2Fworldcup26.world%2Flogin%3Fref%3D26BC4B90CB%26utm_source%3Dinstagram-facebook-story%26utm_medium%3Dmanual-post%26utm_campaign%3Dworldcup26_referral_72h%26utm_content%3Dsienna_h3,https://t.me/share/url?url=https%3A%2F%2Fworldcup26.world%2Flogin%3Fref%3D26BC4B90CB%26utm_source%3Dinstagram-facebook-story%26utm_medium%3Dmanual-post%26utm_campaign%3Dworldcup26_referral_72h%26utm_content%3Dsienna_h3&text=Pick%203%20teams%20before%20they%20lock.%0A%0AWatch%20your%20private%20points%20preview%20move%20with%20every%20match.%0A%0APaid%20leaderboard%20entry%20happens%20only%20when%20you%20use%20a%20ticket.%0A%0AJoin%20with%20code%2026BC4B90CB%3A%0Ahttps%3A%2F%2Fworldcup26.world%2Flogin%3Fref%3D26BC4B90CB%26utm_source%3Dinstagram-facebook-story%26utm_medium%3Dmanual-post%26utm_campaign%3Dworldcup26_referral_72h%26utm_content%3Dsienna_h3,https://twitter.com/intent/tweet?text=Pick%203%20teams%20before%20they%20lock.%0A%0AWatch%20your%20private%20points%20preview%20move%20with%20every%20match.%0A%0APaid%20leaderboard%20entry%20happens%20only%20when%20you%20use%20a%20ticket.%0A%0AJoin%20with%20code%2026BC4B90CB%3A%0Ahttps%3A%2F%2Fworldcup26.world%2Flogin%3Fref%3D26BC4B90CB%26utm_source%3Dinstagram-facebook-story%26utm_medium%3Dmanual-post%26utm_campaign%3Dworldcup26_referral_72h%26utm_content%3Dsienna_h3,https://www.facebook.com/sharer/sharer.php?u=https%3A%2F%2Fworldcup26.world%2Flogin%3Fref%3D26BC4B90CB%26utm_source%3Dinstagram-facebook-story%26utm_medium%3Dmanual-post%26utm_campaign%3Dworldcup26_referral_72h%26utm_content%3Dsienna_h3,ready
2026-06-06 09:00 +0300,Sienna,TikTok/Reels/Shorts,manual post,media/worldcup26-main-video.mp4,https://worldcup26.world/login?ref=26BC4B90CB&utm_source=tiktok-reels-shorts&utm_medium=manual-post&utm_campaign=worldcup26_referral_72h&utm_content=sienna_h5,https://wa.me/?text=Pick%203%20teams%20before%20they%20lock.%0A%0AWatch%20your%20private%20points%20preview%20move%20with%20every%20match.%0A%0APaid%20leaderboard%20entry%20happens%20only%20when%20you%20use%20a%20ticket.%0A%0AJoin%20with%20code%2026BC4B90CB%3A%0Ahttps%3A%2F%2Fworldcup26.world%2Flogin%3Fref%3D26BC4B90CB%26utm_source%3Dtiktok-reels-shorts%26utm_medium%3Dmanual-post%26utm_campaign%3Dworldcup26_referral_72h%26utm_content%3Dsienna_h5,https://t.me/share/url?url=https%3A%2F%2Fworldcup26.world%2Flogin%3Fref%3D26BC4B90CB%26utm_source%3Dtiktok-reels-shorts%26utm_medium%3Dmanual-post%26utm_campaign%3Dworldcup26_referral_72h%26utm_content%3Dsienna_h5&text=Pick%203%20teams%20before%20they%20lock.%0A%0AWatch%20your%20private%20points%20preview%20move%20with%20every%20match.%0A%0APaid%20leaderboard%20entry%20happens%20only%20when%20you%20use%20a%20ticket.%0A%0AJoin%20with%20code%2026BC4B90CB%3A%0Ahttps%3A%2F%2Fworldcup26.world%2Flogin%3Fref%3D26BC4B90CB%26utm_source%3Dtiktok-reels-shorts%26utm_medium%3Dmanual-post%26utm_campaign%3Dworldcup26_referral_72h%26utm_content%3Dsienna_h5,https://twitter.com/intent/tweet?text=Pick%203%20teams%20before%20they%20lock.%0A%0AWatch%20your%20private%20points%20preview%20move%20with%20every%20match.%0A%0APaid%20leaderboard%20entry%20happens%20only%20when%20you%20use%20a%20ticket.%0A%0AJoin%20with%20code%2026BC4B90CB%3A%0Ahttps%3A%2F%2Fworldcup26.world%2Flogin%3Fref%3D26BC4B90CB%26utm_source%3Dtiktok-reels-shorts%26utm_medium%3Dmanual-post%26utm_campaign%3Dworldcup26_referral_72h%26utm_content%3Dsienna_h5,https://www.facebook.com/sharer/sharer.php?u=https%3A%2F%2Fworldcup26.world%2Flogin%3Fref%3D26BC4B90CB%26utm_source%3Dtiktok-reels-shorts%26utm_medium%3Dmanual-post%26utm_campaign%3Dworldcup26_referral_72h%26utm_content%3Dsienna_h5,ready
2026-06-06 12:00 +0300,Sienna,YouTube Shorts,manual post,media/worldcup26-main-video.mp4,https://worldcup26.world/login?ref=26BC4B90CB&utm_source=youtube-shorts&utm_medium=manual-post&utm_campaign=worldcup26_referral_72h&utm_content=sienna_h8,https://wa.me/?text=Pick%203%20teams%20before%20they%20lock.%0A%0AWatch%20your%20private%20points%20preview%20move%20with%20every%20match.%0A%0APaid%20leaderboard%20entry%20happens%20only%20when%20you%20use%20a%20ticket.%0A%0AJoin%20with%20code%2026BC4B90CB%3A%0Ahttps%3A%2F%2Fworldcup26.world%2Flogin%3Fref%3D26BC4B90CB%26utm_source%3Dyoutube-shorts%26utm_medium%3Dmanual-post%26utm_campaign%3Dworldcup26_referral_72h%26utm_content%3Dsienna_h8,https://t.me/share/url?url=https%3A%2F%2Fworldcup26.world%2Flogin%3Fref%3D26BC4B90CB%26utm_source%3Dyoutube-shorts%26utm_medium%3Dmanual-post%26utm_campaign%3Dworldcup26_referral_72h%26utm_content%3Dsienna_h8&text=Pick%203%20teams%20before%20they%20lock.%0A%0AWatch%20your%20private%20points%20preview%20move%20with%20every%20match.%0A%0APaid%20leaderboard%20entry%20happens%20only%20when%20you%20use%20a%20ticket.%0A%0AJoin%20with%20code%2026BC4B90CB%3A%0Ahttps%3A%2F%2Fworldcup26.world%2Flogin%3Fref%3D26BC4B90CB%26utm_source%3Dyoutube-shorts%26utm_medium%3Dmanual-post%26utm_campaign%3Dworldcup26_referral_72h%26utm_content%3Dsienna_h8,https://twitter.com/intent/tweet?text=Pick%203%20teams%20before%20they%20lock.%0A%0AWatch%20your%20private%20points%20preview%20move%20with%20every%20match.%0A%0APaid%20leaderboard%20entry%20happens%20only%20when%20you%20use%20a%20ticket.%0A%0AJoin%20with%20code%2026BC4B90CB%3A%0Ahttps%3A%2F%2Fworldcup26.world%2Flogin%3Fref%3D26BC4B90CB%26utm_source%3Dyoutube-shorts%26utm_medium%3Dmanual-post%26utm_campaign%3Dworldcup26_referral_72h%26utm_content%3Dsienna_h8,https://www.facebook.com/sharer/sharer.php?u=https%3A%2F%2Fworldcup26.world%2Flogin%3Fref%3D26BC4B90CB%26utm_source%3Dyoutube-shorts%26utm_medium%3Dmanual-post%26utm_campaign%3Dworldcup26_referral_72h%26utm_content%3Dsienna_h8,ready
2026-06-06 15:00 +0300,Sienna,Instagram Story,manual post,media/worldcup26-referral-story.jpg,https://worldcup26.world/login?ref=26BC4B90CB&utm_source=instagram-story&utm_medium=manual-post&utm_campaign=worldcup26_referral_72h&utm_content=sienna_h11,https://wa.me/?text=Pick%203%20teams%20before%20they%20lock.%0A%0AWatch%20your%20private%20points%20preview%20move%20with%20every%20match.%0A%0APaid%20leaderboard%20entry%20happens%20only%20when%20you%20use%20a%20ticket.%0A%0AJoin%20with%20code%2026BC4B90CB%3A%0Ahttps%3A%2F%2Fworldcup26.world%2Flogin%3Fref%3D26BC4B90CB%26utm_source%3Dinstagram-story%26utm_medium%3Dmanual-post%26utm_campaign%3Dworldcup26_referral_72h%26utm_content%3Dsienna_h11,https://t.me/share/url?url=https%3A%2F%2Fworldcup26.world%2Flogin%3Fref%3D26BC4B90CB%26utm_source%3Dinstagram-story%26utm_medium%3Dmanual-post%26utm_campaign%3Dworldcup26_referral_72h%26utm_content%3Dsienna_h11&text=Pick%203%20teams%20before%20they%20lock.%0A%0AWatch%20your%20private%20points%20preview%20move%20with%20every%20match.%0A%0APaid%20leaderboard%20entry%20happens%20only%20when%20you%20use%20a%20ticket.%0A%0AJoin%20with%20code%2026BC4B90CB%3A%0Ahttps%3A%2F%2Fworldcup26.world%2Flogin%3Fref%3D26BC4B90CB%26utm_source%3Dinstagram-story%26utm_medium%3Dmanual-post%26utm_campaign%3Dworldcup26_referral_72h%26utm_content%3Dsienna_h11,https://twitter.com/intent/tweet?text=Pick%203%20teams%20before%20they%20lock.%0A%0AWatch%20your%20private%20points%20preview%20move%20with%20every%20match.%0A%0APaid%20leaderboard%20entry%20happens%20only%20when%20you%20use%20a%20ticket.%0A%0AJoin%20with%20code%2026BC4B90CB%3A%0Ahttps%3A%2F%2Fworldcup26.world%2Flogin%3Fref%3D26BC4B90CB%26utm_source%3Dinstagram-story%26utm_medium%3Dmanual-post%26utm_campaign%3Dworldcup26_referral_72h%26utm_content%3Dsienna_h11,https://www.facebook.com/sharer/sharer.php?u=https%3A%2F%2Fworldcup26.world%2Flogin%3Fref%3D26BC4B90CB%26utm_source%3Dinstagram-story%26utm_medium%3Dmanual-post%26utm_campaign%3Dworldcup26_referral_72h%26utm_content%3Dsienna_h11,ready
2026-06-06 19:00 +0300,Sienna,Facebook Reels,manual post,media/worldcup26-main-video.mp4,https://worldcup26.world/login?ref=26BC4B90CB&utm_source=facebook-reels&utm_medium=manual-post&utm_campaign=worldcup26_referral_72h&utm_content=sienna_h15,https://wa.me/?text=Pick%203%20teams%20before%20they%20lock.%0A%0AWatch%20your%20private%20points%20preview%20move%20with%20every%20match.%0A%0APaid%20leaderboard%20entry%20happens%20only%20when%20you%20use%20a%20ticket.%0A%0AJoin%20with%20code%2026BC4B90CB%3A%0Ahttps%3A%2F%2Fworldcup26.world%2Flogin%3Fref%3D26BC4B90CB%26utm_source%3Dfacebook-reels%26utm_medium%3Dmanual-post%26utm_campaign%3Dworldcup26_referral_72h%26utm_content%3Dsienna_h15,https://t.me/share/url?url=https%3A%2F%2Fworldcup26.world%2Flogin%3Fref%3D26BC4B90CB%26utm_source%3Dfacebook-reels%26utm_medium%3Dmanual-post%26utm_campaign%3Dworldcup26_referral_72h%26utm_content%3Dsienna_h15&text=Pick%203%20teams%20before%20they%20lock.%0A%0AWatch%20your%20private%20points%20preview%20move%20with%20every%20match.%0A%0APaid%20leaderboard%20entry%20happens%20only%20when%20you%20use%20a%20ticket.%0A%0AJoin%20with%20code%2026BC4B90CB%3A%0Ahttps%3A%2F%2Fworldcup26.world%2Flogin%3Fref%3D26BC4B90CB%26utm_source%3Dfacebook-reels%26utm_medium%3Dmanual-post%26utm_campaign%3Dworldcup26_referral_72h%26utm_content%3Dsienna_h15,https://twitter.com/intent/tweet?text=Pick%203%20teams%20before%20they%20lock.%0A%0AWatch%20your%20private%20points%20preview%20move%20with%20every%20match.%0A%0APaid%20leaderboard%20entry%20happens%20only%20when%20you%20use%20a%20ticket.%0A%0AJoin%20with%20code%2026BC4B90CB%3A%0Ahttps%3A%2F%2Fworldcup26.world%2Flogin%3Fref%3D26BC4B90CB%26utm_source%3Dfacebook-reels%26utm_medium%3Dmanual-post%26utm_campaign%3Dworldcup26_referral_72h%26utm_content%3Dsienna_h15,https://www.facebook.com/sharer/sharer.php?u=https%3A%2F%2Fworldcup26.world%2Flogin%3Fref%3D26BC4B90CB%26utm_source%3Dfacebook-reels%26utm_medium%3Dmanual-post%26utm_campaign%3Dworldcup26_referral_72h%26utm_content%3Dsienna_h15,ready
2026-06-06 20:00 +0300,Sienna,WhatsApp/Telegram groups,approval first,media/worldcup26-referral-story.jpg,https://worldcup26.world/login?ref=26BC4B90CB&utm_source=whatsapp-telegram-groups&utm_medium=approval-first&utm_campaign=worldcup26_referral_72h&utm_content=sienna_h16,https://wa.me/?text=I%20invited%20you%20to%20WorldCup26.%0A%0APick%203%20teams%20for%20free%2C%20see%20your%20private%20points%20preview%2C%20and%20use%20a%20ticket%20only%20if%20you%20want%20to%20enter%20the%20paid%20leaderboard.%0A%0AUse%20my%20referral%20code%2026BC4B90CB%20when%20you%20join%3A%0Ahttps%3A%2F%2Fworldcup26.world%2Flogin%3Fref%3D26BC4B90CB%26utm_source%3Dwhatsapp-telegram-groups%26utm_medium%3Dapproval-first%26utm_campaign%3Dworldcup26_referral_72h%26utm_content%3Dsienna_h16%0A%0AThe%20event%20has%20not%20started%20yet%2C%20so%20all%20teams%20are%20still%20available%20right%20now.,https://t.me/share/url?url=https%3A%2F%2Fworldcup26.world%2Flogin%3Fref%3D26BC4B90CB%26utm_source%3Dwhatsapp-telegram-groups%26utm_medium%3Dapproval-first%26utm_campaign%3Dworldcup26_referral_72h%26utm_content%3Dsienna_h16&text=I%20invited%20you%20to%20WorldCup26.%0A%0APick%203%20teams%20for%20free%2C%20see%20your%20private%20points%20preview%2C%20and%20use%20a%20ticket%20only%20if%20you%20want%20to%20enter%20the%20paid%20leaderboard.%0A%0AUse%20my%20referral%20code%2026BC4B90CB%20when%20you%20join%3A%0Ahttps%3A%2F%2Fworldcup26.world%2Flogin%3Fref%3D26BC4B90CB%26utm_source%3Dwhatsapp-telegram-groups%26utm_medium%3Dapproval-first%26utm_campaign%3Dworldcup26_referral_72h%26utm_content%3Dsienna_h16%0A%0AThe%20event%20has%20not%20started%20yet%2C%20so%20all%20teams%20are%20still%20available%20right%20now.,https://twitter.com/intent/tweet?text=I%20invited%20you%20to%20WorldCup26.%0A%0APick%203%20teams%20for%20free%2C%20see%20your%20private%20points%20preview%2C%20and%20use%20a%20ticket%20only%20if%20you%20want%20to%20enter%20the%20paid%20leaderboard.%0A%0AUse%20my%20referral%20code%2026BC4B90CB%20when%20you%20join%3A%0Ahttps%3A%2F%2Fworldcup26.world%2Flogin%3Fref%3D26BC4B90CB%26utm_source%3Dwhatsapp-telegram-groups%26utm_medium%3Dapproval-first%26utm_campaign%3Dworldcup26_referral_72h%26utm_content%3Dsienna_h16%0A%0AThe%20event%20has%20not%20started%20yet%2C%20so%20all%20teams%20are%20still%20available%20right%20now.,https://www.facebook.com/sharer/sharer.php?u=https%3A%2F%2Fworldcup26.world%2Flogin%3Fref%3D26BC4B90CB%26utm_source%3Dwhatsapp-telegram-groups%26utm_medium%3Dapproval-first%26utm_campaign%3Dworldcup26_referral_72h%26utm_content%3Dsienna_h16,ready
2026-06-06 23:00 +0300,Sienna,TikTok/Reels/Shorts,manual post,media/worldcup26-main-video.mp4,https://worldcup26.world/login?ref=26BC4B90CB&utm_source=tiktok-reels-shorts&utm_medium=manual-post&utm_campaign=worldcup26_referral_72h&utm_content=sienna_h19,https://wa.me/?text=Pick%203%20teams%20before%20they%20lock.%0A%0AWatch%20your%20private%20points%20preview%20move%20with%20every%20match.%0A%0APaid%20leaderboard%20entry%20happens%20only%20when%20you%20use%20a%20ticket.%0A%0AJoin%20with%20code%2026BC4B90CB%3A%0Ahttps%3A%2F%2Fworldcup26.world%2Flogin%3Fref%3D26BC4B90CB%26utm_source%3Dtiktok-reels-shorts%26utm_medium%3Dmanual-post%26utm_campaign%3Dworldcup26_referral_72h%26utm_content%3Dsienna_h19,https://t.me/share/url?url=https%3A%2F%2Fworldcup26.world%2Flogin%3Fref%3D26BC4B90CB%26utm_source%3Dtiktok-reels-shorts%26utm_medium%3Dmanual-post%26utm_campaign%3Dworldcup26_referral_72h%26utm_content%3Dsienna_h19&text=Pick%203%20teams%20before%20they%20lock.%0A%0AWatch%20your%20private%20points%20preview%20move%20with%20every%20match.%0A%0APaid%20leaderboard%20entry%20happens%20only%20when%20you%20use%20a%20ticket.%0A%0AJoin%20with%20code%2026BC4B90CB%3A%0Ahttps%3A%2F%2Fworldcup26.world%2Flogin%3Fref%3D26BC4B90CB%26utm_source%3Dtiktok-reels-shorts%26utm_medium%3Dmanual-post%26utm_campaign%3Dworldcup26_referral_72h%26utm_content%3Dsienna_h19,https://twitter.com/intent/tweet?text=Pick%203%20teams%20before%20they%20lock.%0A%0AWatch%20your%20private%20points%20preview%20move%20with%20every%20match.%0A%0APaid%20leaderboard%20entry%20happens%20only%20when%20you%20use%20a%20ticket.%0A%0AJoin%20with%20code%2026BC4B90CB%3A%0Ahttps%3A%2F%2Fworldcup26.world%2Flogin%3Fref%3D26BC4B90CB%26utm_source%3Dtiktok-reels-shorts%26utm_medium%3Dmanual-post%26utm_campaign%3Dworldcup26_referral_72h%26utm_content%3Dsienna_h19,https://www.facebook.com/sharer/sharer.php?u=https%3A%2F%2Fworldcup26.world%2Flogin%3Fref%3D26BC4B90CB%26utm_source%3Dtiktok-reels-shorts%26utm_medium%3Dmanual-post%26utm_campaign%3Dworldcup26_referral_72h%26utm_content%3Dsienna_h19,ready
2026-06-07 00:00 +0300,Memo,Ops check,internal,campaign/posting-log-template.csv,https://worldcup26.world/login?ref=26BC4B90CB&utm_source=ops-check&utm_medium=internal&utm_campaign=worldcup26_referral_72h&utm_content=memo_h20,https://wa.me/?text=Campaign%20ops%20check%20for%20WorldCup26.%0A%0AReferral%20code%3A%2026BC4B90CB%0AReferral%20link%3A%20https%3A%2F%2Fworldcup26.world%2Flogin%3Fref%3D26BC4B90CB%26utm_source%3Dops-check%26utm_medium%3Dinternal%26utm_campaign%3Dworldcup26_referral_72h%26utm_content%3Dmemo_h20%0A%0AVerify%20the%20current%20assets%3A%0A-%20media%2Fworldcup26-main-video.mp4%0A-%20media%2Fworldcup26-referral-story.jpg%0A-%20media%2Fworldcup26-referral-16x9.jpg%0A-%20runtime%2Foutbox-ready.csv%0A%0ANext%20action%3A%20Summarize%20Day%201%3A%20posts%2C%20replies%2C%20joins%20observed%2C%20next%205%20actions,https://t.me/share/url?url=https%3A%2F%2Fworldcup26.world%2Flogin%3Fref%3D26BC4B90CB%26utm_source%3Dops-check%26utm_medium%3Dinternal%26utm_campaign%3Dworldcup26_referral_72h%26utm_content%3Dmemo_h20&text=Campaign%20ops%20check%20for%20WorldCup26.%0A%0AReferral%20code%3A%2026BC4B90CB%0AReferral%20link%3A%20https%3A%2F%2Fworldcup26.world%2Flogin%3Fref%3D26BC4B90CB%26utm_source%3Dops-check%26utm_medium%3Dinternal%26utm_campaign%3Dworldcup26_referral_72h%26utm_content%3Dmemo_h20%0A%0AVerify%20the%20current%20assets%3A%0A-%20media%2Fworldcup26-main-video.mp4%0A-%20media%2Fworldcup26-referral-story.jpg%0A-%20media%2Fworldcup26-referral-16x9.jpg%0A-%20runtime%2Foutbox-ready.csv%0A%0ANext%20action%3A%20Summarize%20Day%201%3A%20posts%2C%20replies%2C%20joins%20observed%2C%20next%205%20actions,https://twitter.com/intent/tweet?text=Campaign%20ops%20check%20for%20WorldCup26.%0A%0AReferral%20code%3A%2026BC4B90CB%0AReferral%20link%3A%20https%3A%2F%2Fworldcup26.world%2Flogin%3Fref%3D26BC4B90CB%26utm_source%3Dops-check%26utm_medium%3Dinternal%26utm_campaign%3Dworldcup26_referral_72h%26utm_content%3Dmemo_h20%0A%0AVerify%20the%20current%20assets%3A%0A-%20media%2Fworldcup26-main-video.mp4%0A-%20media%2Fworldcup26-referral-story.jpg%0A-%20media%2Fworldcup26-referral-16x9.jpg%0A-%20runtime%2Foutbox-ready.csv%0A%0ANext%20action%3A%20Summarize%20Day%201%3A%20posts%2C%20replies%2C%20joins%20observed%2C%20next%205%20actions,https://www.facebook.com/sharer/sharer.php?u=https%3A%2F%2Fworldcup26.world%2Flogin%3Fref%3D26BC4B90CB%26utm_source%3Dops-check%26utm_medium%3Dinternal%26utm_campaign%3Dworldcup26_referral_72h%26utm_content%3Dmemo_h20,ready
2026-06-07 09:00 +0300,Memo,Ops check,internal,campaign/posting-log-template.csv,https://worldcup26.world/login?ref=26BC4B90CB&utm_source=ops-check&utm_medium=internal&utm_campaign=worldcup26_referral_72h&utm_content=memo_h29,https://wa.me/?text=Campaign%20ops%20check%20for%20WorldCup26.%0A%0AReferral%20code%3A%2026BC4B90CB%0AReferral%20link%3A%20https%3A%2F%2Fworldcup26.world%2Flogin%3Fref%3D26BC4B90CB%26utm_source%3Dops-check%26utm_medium%3Dinternal%26utm_campaign%3Dworldcup26_referral_72h%26utm_content%3Dmemo_h29%0A%0AVerify%20the%20current%20assets%3A%0A-%20media%2Fworldcup26-main-video.mp4%0A-%20media%2Fworldcup26-referral-story.jpg%0A-%20media%2Fworldcup26-referral-16x9.jpg%0A-%20runtime%2Foutbox-ready.csv%0A%0ANext%20action%3A%20Audit%20completed%20posts%20and%20add%20missing%20links%20to%20log,https://t.me/share/url?url=https%3A%2F%2Fworldcup26.world%2Flogin%3Fref%3D26BC4B90CB%26utm_source%3Dops-check%26utm_medium%3Dinternal%26utm_campaign%3Dworldcup26_referral_72h%26utm_content%3Dmemo_h29&text=Campaign%20ops%20check%20for%20WorldCup26.%0A%0AReferral%20code%3A%2026BC4B90CB%0AReferral%20link%3A%20https%3A%2F%2Fworldcup26.world%2Flogin%3Fref%3D26BC4B90CB%26utm_source%3Dops-check%26utm_medium%3Dinternal%26utm_campaign%3Dworldcup26_referral_72h%26utm_content%3Dmemo_h29%0A%0AVerify%20the%20current%20assets%3A%0A-%20media%2Fworldcup26-main-video.mp4%0A-%20media%2Fworldcup26-referral-story.jpg%0A-%20media%2Fworldcup26-referral-16x9.jpg%0A-%20runtime%2Foutbox-ready.csv%0A%0ANext%20action%3A%20Audit%20completed%20posts%20and%20add%20missing%20links%20to%20log,https://twitter.com/intent/tweet?text=Campaign%20ops%20check%20for%20WorldCup26.%0A%0AReferral%20code%3A%2026BC4B90CB%0AReferral%20link%3A%20https%3A%2F%2Fworldcup26.world%2Flogin%3Fref%3D26BC4B90CB%26utm_source%3Dops-check%26utm_medium%3Dinternal%26utm_campaign%3Dworldcup26_referral_72h%26utm_content%3Dmemo_h29%0A%0AVerify%20the%20current%20assets%3A%0A-%20media%2Fworldcup26-main-video.mp4%0A-%20media%2Fworldcup26-referral-story.jpg%0A-%20media%2Fworldcup26-referral-16x9.jpg%0A-%20runtime%2Foutbox-ready.csv%0A%0ANext%20action%3A%20Audit%20completed%20posts%20and%20add%20missing%20links%20to%20log,https://www.facebook.com/sharer/sharer.php?u=https%3A%2F%2Fworldcup26.world%2Flogin%3Fref%3D26BC4B90CB%26utm_source%3Dops-check%26utm_medium%3Dinternal%26utm_campaign%3Dworldcup26_referral_72h%26utm_content%3Dmemo_h29,ready
2026-06-07 16:00 +0300,Memo,Ops check,internal,campaign/posting-log-template.csv,https://worldcup26.world/login?ref=26BC4B90CB&utm_source=ops-check&utm_medium=internal&utm_campaign=worldcup26_referral_72h&utm_content=memo_h36,https://wa.me/?text=Campaign%20ops%20check%20for%20WorldCup26.%0A%0AReferral%20code%3A%2026BC4B90CB%0AReferral%20link%3A%20https%3A%2F%2Fworldcup26.world%2Flogin%3Fref%3D26BC4B90CB%26utm_source%3Dops-check%26utm_medium%3Dinternal%26utm_campaign%3Dworldcup26_referral_72h%26utm_content%3Dmemo_h36%0A%0AVerify%20the%20current%20assets%3A%0A-%20media%2Fworldcup26-main-video.mp4%0A-%20media%2Fworldcup26-referral-story.jpg%0A-%20media%2Fworldcup26-referral-16x9.jpg%0A-%20runtime%2Foutbox-ready.csv%0A%0ANext%20action%3A%20Update%20channel%20performance%20and%20pending%20replies,https://t.me/share/url?url=https%3A%2F%2Fworldcup26.world%2Flogin%3Fref%3D26BC4B90CB%26utm_source%3Dops-check%26utm_medium%3Dinternal%26utm_campaign%3Dworldcup26_referral_72h%26utm_content%3Dmemo_h36&text=Campaign%20ops%20check%20for%20WorldCup26.%0A%0AReferral%20code%3A%2026BC4B90CB%0AReferral%20link%3A%20https%3A%2F%2Fworldcup26.world%2Flogin%3Fref%3D26BC4B90CB%26utm_source%3Dops-check%26utm_medium%3Dinternal%26utm_campaign%3Dworldcup26_referral_72h%26utm_content%3Dmemo_h36%0A%0AVerify%20the%20current%20assets%3A%0A-%20media%2Fworldcup26-main-video.mp4%0A-%20media%2Fworldcup26-referral-story.jpg%0A-%20media%2Fworldcup26-referral-16x9.jpg%0A-%20runtime%2Foutbox-ready.csv%0A%0ANext%20action%3A%20Update%20channel%20performance%20and%20pending%20replies,https://twitter.com/intent/tweet?text=Campaign%20ops%20check%20for%20WorldCup26.%0A%0AReferral%20code%3A%2026BC4B90CB%0AReferral%20link%3A%20https%3A%2F%2Fworldcup26.world%2Flogin%3Fref%3D26BC4B90CB%26utm_source%3Dops-check%26utm_medium%3Dinternal%26utm_campaign%3Dworldcup26_referral_72h%26utm_content%3Dmemo_h36%0A%0AVerify%20the%20current%20assets%3A%0A-%20media%2Fworldcup26-main-video.mp4%0A-%20media%2Fworldcup26-referral-story.jpg%0A-%20media%2Fworldcup26-referral-16x9.jpg%0A-%20runtime%2Foutbox-ready.csv%0A%0ANext%20action%3A%20Update%20channel%20performance%20and%20pending%20replies,https://www.facebook.com/sharer/sharer.php?u=https%3A%2F%2Fworldcup26.world%2Flogin%3Fref%3D26BC4B90CB%26utm_source%3Dops-check%26utm_medium%3Dinternal%26utm_campaign%3Dworldcup26_referral_72h%26utm_content%3Dmemo_h36,ready
2026-06-07 23:00 +0300,Memo,Ops check,internal,campaign/partner-targets-template.csv,https://worldcup26.world/login?ref=26BC4B90CB&utm_source=ops-check&utm_medium=internal&utm_campaign=worldcup26_referral_72h&utm_content=memo_h43,https://wa.me/?text=Campaign%20ops%20check%20for%20WorldCup26.%0A%0AReferral%20code%3A%2026BC4B90CB%0AReferral%20link%3A%20https%3A%2F%2Fworldcup26.world%2Flogin%3Fref%3D26BC4B90CB%26utm_source%3Dops-check%26utm_medium%3Dinternal%26utm_campaign%3Dworldcup26_referral_72h%26utm_content%3Dmemo_h43%0A%0AVerify%20the%20current%20assets%3A%0A-%20media%2Fworldcup26-main-video.mp4%0A-%20media%2Fworldcup26-referral-story.jpg%0A-%20media%2Fworldcup26-referral-16x9.jpg%0A-%20runtime%2Foutbox-ready.csv%0A%0ANext%20action%3A%20List%20channels%20with%20permission%20granted%20and%20blocked%20channels%20to%20avoid,https://t.me/share/url?url=https%3A%2F%2Fworldcup26.world%2Flogin%3Fref%3D26BC4B90CB%26utm_source%3Dops-check%26utm_medium%3Dinternal%26utm_campaign%3Dworldcup26_referral_72h%26utm_content%3Dmemo_h43&text=Campaign%20ops%20check%20for%20WorldCup26.%0A%0AReferral%20code%3A%2026BC4B90CB%0AReferral%20link%3A%20https%3A%2F%2Fworldcup26.world%2Flogin%3Fref%3D26BC4B90CB%26utm_source%3Dops-check%26utm_medium%3Dinternal%26utm_campaign%3Dworldcup26_referral_72h%26utm_content%3Dmemo_h43%0A%0AVerify%20the%20current%20assets%3A%0A-%20media%2Fworldcup26-main-video.mp4%0A-%20media%2Fworldcup26-referral-story.jpg%0A-%20media%2Fworldcup26-referral-16x9.jpg%0A-%20runtime%2Foutbox-ready.csv%0A%0ANext%20action%3A%20List%20channels%20with%20permission%20granted%20and%20blocked%20channels%20to%20avoid,https://twitter.com/intent/tweet?text=Campaign%20ops%20check%20for%20WorldCup26.%0A%0AReferral%20code%3A%2026BC4B90CB%0AReferral%20link%3A%20https%3A%2F%2Fworldcup26.world%2Flogin%3Fref%3D26BC4B90CB%26utm_source%3Dops-check%26utm_medium%3Dinternal%26utm_campaign%3Dworldcup26_referral_72h%26utm_content%3Dmemo_h43%0A%0AVerify%20the%20current%20assets%3A%0A-%20media%2Fworldcup26-main-video.mp4%0A-%20media%2Fworldcup26-referral-story.jpg%0A-%20media%2Fworldcup26-referral-16x9.jpg%0A-%20runtime%2Foutbox-ready.csv%0A%0ANext%20action%3A%20List%20channels%20with%20permission%20granted%20and%20blocked%20channels%20to%20avoid,https://www.facebook.com/sharer/sharer.php?u=https%3A%2F%2Fworldcup26.world%2Flogin%3Fref%3D26BC4B90CB%26utm_source%3Dops-check%26utm_medium%3Dinternal%26utm_campaign%3Dworldcup26_referral_72h%26utm_content%3Dmemo_h43,ready
2026-06-08 07:00 +0300,Memo,Ops check,internal,campaign/copy-bank.md,https://worldcup26.world/login?ref=26BC4B90CB&utm_source=ops-check&utm_medium=internal&utm_campaign=worldcup26_referral_72h&utm_content=memo_h51,https://wa.me/?text=Campaign%20ops%20check%20for%20WorldCup26.%0A%0AReferral%20code%3A%2026BC4B90CB%0AReferral%20link%3A%20https%3A%2F%2Fworldcup26.world%2Flogin%3Fref%3D26BC4B90CB%26utm_source%3Dops-check%26utm_medium%3Dinternal%26utm_campaign%3Dworldcup26_referral_72h%26utm_content%3Dmemo_h51%0A%0AVerify%20the%20current%20assets%3A%0A-%20media%2Fworldcup26-main-video.mp4%0A-%20media%2Fworldcup26-referral-story.jpg%0A-%20media%2Fworldcup26-referral-16x9.jpg%0A-%20runtime%2Foutbox-ready.csv%0A%0ANext%20action%3A%20Check%20if%20any%20copy%20claims%20a%20fixed%20prize%3B%20remove%20fixed%20amount%20before%20posting,https://t.me/share/url?url=https%3A%2F%2Fworldcup26.world%2Flogin%3Fref%3D26BC4B90CB%26utm_source%3Dops-check%26utm_medium%3Dinternal%26utm_campaign%3Dworldcup26_referral_72h%26utm_content%3Dmemo_h51&text=Campaign%20ops%20check%20for%20WorldCup26.%0A%0AReferral%20code%3A%2026BC4B90CB%0AReferral%20link%3A%20https%3A%2F%2Fworldcup26.world%2Flogin%3Fref%3D26BC4B90CB%26utm_source%3Dops-check%26utm_medium%3Dinternal%26utm_campaign%3Dworldcup26_referral_72h%26utm_content%3Dmemo_h51%0A%0AVerify%20the%20current%20assets%3A%0A-%20media%2Fworldcup26-main-video.mp4%0A-%20media%2Fworldcup26-referral-story.jpg%0A-%20media%2Fworldcup26-referral-16x9.jpg%0A-%20runtime%2Foutbox-ready.csv%0A%0ANext%20action%3A%20Check%20if%20any%20copy%20claims%20a%20fixed%20prize%3B%20remove%20fixed%20amount%20before%20posting,https://twitter.com/intent/tweet?text=Campaign%20ops%20check%20for%20WorldCup26.%0A%0AReferral%20code%3A%2026BC4B90CB%0AReferral%20link%3A%20https%3A%2F%2Fworldcup26.world%2Flogin%3Fref%3D26BC4B90CB%26utm_source%3Dops-check%26utm_medium%3Dinternal%26utm_campaign%3Dworldcup26_referral_72h%26utm_content%3Dmemo_h51%0A%0AVerify%20the%20current%20assets%3A%0A-%20media%2Fworldcup26-main-video.mp4%0A-%20media%2Fworldcup26-referral-story.jpg%0A-%20media%2Fworldcup26-referral-16x9.jpg%0A-%20runtime%2Foutbox-ready.csv%0A%0ANext%20action%3A%20Check%20if%20any%20copy%20claims%20a%20fixed%20prize%3B%20remove%20fixed%20amount%20before%20posting,https://www.facebook.com/sharer/sharer.php?u=https%3A%2F%2Fworldcup26.world%2Flogin%3Fref%3D26BC4B90CB%26utm_source%3Dops-check%26utm_medium%3Dinternal%26utm_campaign%3Dworldcup26_referral_72h%26utm_content%3Dmemo_h51,ready
2026-06-08 12:00 +0300,Memo,Ops check,internal,campaign/posting-log-template.csv,https://worldcup26.world/login?ref=26BC4B90CB&utm_source=ops-check&utm_medium=internal&utm_campaign=worldcup26_referral_72h&utm_content=memo_h56,https://wa.me/?text=Campaign%20ops%20check%20for%20WorldCup26.%0A%0AReferral%20code%3A%2026BC4B90CB%0AReferral%20link%3A%20https%3A%2F%2Fworldcup26.world%2Flogin%3Fref%3D26BC4B90CB%26utm_source%3Dops-check%26utm_medium%3Dinternal%26utm_campaign%3Dworldcup26_referral_72h%26utm_content%3Dmemo_h56%0A%0AVerify%20the%20current%20assets%3A%0A-%20media%2Fworldcup26-main-video.mp4%0A-%20media%2Fworldcup26-referral-story.jpg%0A-%20media%2Fworldcup26-referral-16x9.jpg%0A-%20runtime%2Foutbox-ready.csv%0A%0ANext%20action%3A%20Choose%20best%20two%20channels%20and%20double%20posting%20cadence%20there,https://t.me/share/url?url=https%3A%2F%2Fworldcup26.world%2Flogin%3Fref%3D26BC4B90CB%26utm_source%3Dops-check%26utm_medium%3Dinternal%26utm_campaign%3Dworldcup26_referral_72h%26utm_content%3Dmemo_h56&text=Campaign%20ops%20check%20for%20WorldCup26.%0A%0AReferral%20code%3A%2026BC4B90CB%0AReferral%20link%3A%20https%3A%2F%2Fworldcup26.world%2Flogin%3Fref%3D26BC4B90CB%26utm_source%3Dops-check%26utm_medium%3Dinternal%26utm_campaign%3Dworldcup26_referral_72h%26utm_content%3Dmemo_h56%0A%0AVerify%20the%20current%20assets%3A%0A-%20media%2Fworldcup26-main-video.mp4%0A-%20media%2Fworldcup26-referral-story.jpg%0A-%20media%2Fworldcup26-referral-16x9.jpg%0A-%20runtime%2Foutbox-ready.csv%0A%0ANext%20action%3A%20Choose%20best%20two%20channels%20and%20double%20posting%20cadence%20there,https://twitter.com/intent/tweet?text=Campaign%20ops%20check%20for%20WorldCup26.%0A%0AReferral%20code%3A%2026BC4B90CB%0AReferral%20link%3A%20https%3A%2F%2Fworldcup26.world%2Flogin%3Fref%3D26BC4B90CB%26utm_source%3Dops-check%26utm_medium%3Dinternal%26utm_campaign%3Dworldcup26_referral_72h%26utm_content%3Dmemo_h56%0A%0AVerify%20the%20current%20assets%3A%0A-%20media%2Fworldcup26-main-video.mp4%0A-%20media%2Fworldcup26-referral-story.jpg%0A-%20media%2Fworldcup26-referral-16x9.jpg%0A-%20runtime%2Foutbox-ready.csv%0A%0ANext%20action%3A%20Choose%20best%20two%20channels%20and%20double%20posting%20cadence%20there,https://www.facebook.com/sharer/sharer.php?u=https%3A%2F%2Fworldcup26.world%2Flogin%3Fref%3D26BC4B90CB%26utm_source%3Dops-check%26utm_medium%3Dinternal%26utm_campaign%3Dworldcup26_referral_72h%26utm_content%3Dmemo_h56,ready
2026-06-08 19:00 +0300,Memo,Ops check,internal,campaign/posting-log-template.csv,https://worldcup26.world/login?ref=26BC4B90CB&utm_source=ops-check&utm_medium=internal&utm_campaign=worldcup26_referral_72h&utm_content=memo_h63,https://wa.me/?text=Campaign%20ops%20check%20for%20WorldCup26.%0A%0AReferral%20code%3A%2026BC4B90CB%0AReferral%20link%3A%20https%3A%2F%2Fworldcup26.world%2Flogin%3Fref%3D26BC4B90CB%26utm_source%3Dops-check%26utm_medium%3Dinternal%26utm_campaign%3Dworldcup26_referral_72h%26utm_content%3Dmemo_h63%0A%0AVerify%20the%20current%20assets%3A%0A-%20media%2Fworldcup26-main-video.mp4%0A-%20media%2Fworldcup26-referral-story.jpg%0A-%20media%2Fworldcup26-referral-16x9.jpg%0A-%20runtime%2Foutbox-ready.csv%0A%0ANext%20action%3A%20Prepare%20final-day%20push%20list%20from%20best%20channels%20and%20replies,https://t.me/share/url?url=https%3A%2F%2Fworldcup26.world%2Flogin%3Fref%3D26BC4B90CB%26utm_source%3Dops-check%26utm_medium%3Dinternal%26utm_campaign%3Dworldcup26_referral_72h%26utm_content%3Dmemo_h63&text=Campaign%20ops%20check%20for%20WorldCup26.%0A%0AReferral%20code%3A%2026BC4B90CB%0AReferral%20link%3A%20https%3A%2F%2Fworldcup26.world%2Flogin%3Fref%3D26BC4B90CB%26utm_source%3Dops-check%26utm_medium%3Dinternal%26utm_campaign%3Dworldcup26_referral_72h%26utm_content%3Dmemo_h63%0A%0AVerify%20the%20current%20assets%3A%0A-%20media%2Fworldcup26-main-video.mp4%0A-%20media%2Fworldcup26-referral-story.jpg%0A-%20media%2Fworldcup26-referral-16x9.jpg%0A-%20runtime%2Foutbox-ready.csv%0A%0ANext%20action%3A%20Prepare%20final-day%20push%20list%20from%20best%20channels%20and%20replies,https://twitter.com/intent/tweet?text=Campaign%20ops%20check%20for%20WorldCup26.%0A%0AReferral%20code%3A%2026BC4B90CB%0AReferral%20link%3A%20https%3A%2F%2Fworldcup26.world%2Flogin%3Fref%3D26BC4B90CB%26utm_source%3Dops-check%26utm_medium%3Dinternal%26utm_campaign%3Dworldcup26_referral_72h%26utm_content%3Dmemo_h63%0A%0AVerify%20the%20current%20assets%3A%0A-%20media%2Fworldcup26-main-video.mp4%0A-%20media%2Fworldcup26-referral-story.jpg%0A-%20media%2Fworldcup26-referral-16x9.jpg%0A-%20runtime%2Foutbox-ready.csv%0A%0ANext%20action%3A%20Prepare%20final-day%20push%20list%20from%20best%20channels%20and%20replies,https://www.facebook.com/sharer/sharer.php?u=https%3A%2F%2Fworldcup26.world%2Flogin%3Fref%3D26BC4B90CB%26utm_source%3Dops-check%26utm_medium%3Dinternal%26utm_campaign%3Dworldcup26_referral_72h%26utm_content%3Dmemo_h63,ready
2026-06-06 06:00 +0300,Nano,WhatsApp personal,manual outreach,media/worldcup26-main-video.mp4,https://worldcup26.world/login?ref=26BC4B90CB&utm_source=whatsapp-personal&utm_medium=manual-outreach&utm_campaign=worldcup26_referral_72h&utm_content=nano_h2,https://wa.me/?text=I%20invited%20you%20to%20WorldCup26.%0A%0APick%203%20teams%20for%20free%2C%20see%20your%20private%20points%20preview%2C%20and%20use%20a%20ticket%20only%20if%20you%20want%20to%20enter%20the%20paid%20leaderboard.%0A%0AUse%20my%20referral%20code%2026BC4B90CB%20when%20you%20join%3A%0Ahttps%3A%2F%2Fworldcup26.world%2Flogin%3Fref%3D26BC4B90CB%26utm_source%3Dwhatsapp-personal%26utm_medium%3Dmanual-outreach%26utm_campaign%3Dworldcup26_referral_72h%26utm_content%3Dnano_h2%0A%0AThe%20event%20has%20not%20started%20yet%2C%20so%20all%20teams%20are%20still%20available%20right%20now.,https://t.me/share/url?url=https%3A%2F%2Fworldcup26.world%2Flogin%3Fref%3D26BC4B90CB%26utm_source%3Dwhatsapp-personal%26utm_medium%3Dmanual-outreach%26utm_campaign%3Dworldcup26_referral_72h%26utm_content%3Dnano_h2&text=I%20invited%20you%20to%20WorldCup26.%0A%0APick%203%20teams%20for%20free%2C%20see%20your%20private%20points%20preview%2C%20and%20use%20a%20ticket%20only%20if%20you%20want%20to%20enter%20the%20paid%20leaderboard.%0A%0AUse%20my%20referral%20code%2026BC4B90CB%20when%20you%20join%3A%0Ahttps%3A%2F%2Fworldcup26.world%2Flogin%3Fref%3D26BC4B90CB%26utm_source%3Dwhatsapp-personal%26utm_medium%3Dmanual-outreach%26utm_campaign%3Dworldcup26_referral_72h%26utm_content%3Dnano_h2%0A%0AThe%20event%20has%20not%20started%20yet%2C%20so%20all%20teams%20are%20still%20available%20right%20now.,https://twitter.com/intent/tweet?text=I%20invited%20you%20to%20WorldCup26.%0A%0APick%203%20teams%20for%20free%2C%20see%20your%20private%20points%20preview%2C%20and%20use%20a%20ticket%20only%20if%20you%20want%20to%20enter%20the%20paid%20leaderboard.%0A%0AUse%20my%20referral%20code%2026BC4B90CB%20when%20you%20join%3A%0Ahttps%3A%2F%2Fworldcup26.world%2Flogin%3Fref%3D26BC4B90CB%26utm_source%3Dwhatsapp-personal%26utm_medium%3Dmanual-outreach%26utm_campaign%3Dworldcup26_referral_72h%26utm_content%3Dnano_h2%0A%0AThe%20event%20has%20not%20started%20yet%2C%20so%20all%20teams%20are%20still%20available%20right%20now.,https://www.facebook.com/sharer/sharer.php?u=https%3A%2F%2Fworldcup26.world%2Flogin%3Fref%3D26BC4B90CB%26utm_source%3Dwhatsapp-personal%26utm_medium%3Dmanual-outreach%26utm_campaign%3Dworldcup26_referral_72h%26utm_content%3Dnano_h2,ready
2026-06-06 11:00 +0300,Nano,DM follow-up,manual replies,campaign/copy-bank.md,https://worldcup26.world/login?ref=26BC4B90CB&utm_source=dm-follow-up&utm_medium=manual-replies&utm_campaign=worldcup26_referral_72h&utm_content=nano_h7,https://wa.me/?text=Quick%20version%3A%20you%20pick%203%20World%20Cup%20teams%20for%20free%20first.%20They%20score%20from%20real%20results%20and%20you%20can%20see%20your%20private%20points%20preview.%0A%0AUse%20a%20ticket%20only%20if%20you%20want%20to%20enter%20the%20paid%20leaderboard.%0A%0AUse%20code%2026BC4B90CB%20here%3A%0Ahttps%3A%2F%2Fworldcup26.world%2Flogin%3Fref%3D26BC4B90CB%26utm_source%3Ddm-follow-up%26utm_medium%3Dmanual-replies%26utm_campaign%3Dworldcup26_referral_72h%26utm_content%3Dnano_h7,https://t.me/share/url?url=https%3A%2F%2Fworldcup26.world%2Flogin%3Fref%3D26BC4B90CB%26utm_source%3Ddm-follow-up%26utm_medium%3Dmanual-replies%26utm_campaign%3Dworldcup26_referral_72h%26utm_content%3Dnano_h7&text=Quick%20version%3A%20you%20pick%203%20World%20Cup%20teams%20for%20free%20first.%20They%20score%20from%20real%20results%20and%20you%20can%20see%20your%20private%20points%20preview.%0A%0AUse%20a%20ticket%20only%20if%20you%20want%20to%20enter%20the%20paid%20leaderboard.%0A%0AUse%20code%2026BC4B90CB%20here%3A%0Ahttps%3A%2F%2Fworldcup26.world%2Flogin%3Fref%3D26BC4B90CB%26utm_source%3Ddm-follow-up%26utm_medium%3Dmanual-replies%26utm_campaign%3Dworldcup26_referral_72h%26utm_content%3Dnano_h7,https://twitter.com/intent/tweet?text=Quick%20version%3A%20you%20pick%203%20World%20Cup%20teams%20for%20free%20first.%20They%20score%20from%20real%20results%20and%20you%20can%20see%20your%20private%20points%20preview.%0A%0AUse%20a%20ticket%20only%20if%20you%20want%20to%20enter%20the%20paid%20leaderboard.%0A%0AUse%20code%2026BC4B90CB%20here%3A%0Ahttps%3A%2F%2Fworldcup26.world%2Flogin%3Fref%3D26BC4B90CB%26utm_source%3Ddm-follow-up%26utm_medium%3Dmanual-replies%26utm_campaign%3Dworldcup26_referral_72h%26utm_content%3Dnano_h7,https://www.facebook.com/sharer/sharer.php?u=https%3A%2F%2Fworldcup26.world%2Flogin%3Fref%3D26BC4B90CB%26utm_source%3Ddm-follow-up%26utm_medium%3Dmanual-replies%26utm_campaign%3Dworldcup26_referral_72h%26utm_content%3Dnano_h7,ready
2026-06-06 14:00 +0300,Nano,Replies,manual replies,campaign/copy-bank.md,https://worldcup26.world/login?ref=26BC4B90CB&utm_source=replies&utm_medium=manual-replies&utm_campaign=worldcup26_referral_72h&utm_content=nano_h10,https://wa.me/?text=Quick%20version%3A%20you%20pick%203%20World%20Cup%20teams%20for%20free%20first.%20They%20score%20from%20real%20results%20and%20you%20can%20see%20your%20private%20points%20preview.%0A%0AUse%20a%20ticket%20only%20if%20you%20want%20to%20enter%20the%20paid%20leaderboard.%0A%0AUse%20code%2026BC4B90CB%20here%3A%0Ahttps%3A%2F%2Fworldcup26.world%2Flogin%3Fref%3D26BC4B90CB%26utm_source%3Dreplies%26utm_medium%3Dmanual-replies%26utm_campaign%3Dworldcup26_referral_72h%26utm_content%3Dnano_h10,https://t.me/share/url?url=https%3A%2F%2Fworldcup26.world%2Flogin%3Fref%3D26BC4B90CB%26utm_source%3Dreplies%26utm_medium%3Dmanual-replies%26utm_campaign%3Dworldcup26_referral_72h%26utm_content%3Dnano_h10&text=Quick%20version%3A%20you%20pick%203%20World%20Cup%20teams%20for%20free%20first.%20They%20score%20from%20real%20results%20and%20you%20can%20see%20your%20private%20points%20preview.%0A%0AUse%20a%20ticket%20only%20if%20you%20want%20to%20enter%20the%20paid%20leaderboard.%0A%0AUse%20code%2026BC4B90CB%20here%3A%0Ahttps%3A%2F%2Fworldcup26.world%2Flogin%3Fref%3D26BC4B90CB%26utm_source%3Dreplies%26utm_medium%3Dmanual-replies%26utm_campaign%3Dworldcup26_referral_72h%26utm_content%3Dnano_h10,https://twitter.com/intent/tweet?text=Quick%20version%3A%20you%20pick%203%20World%20Cup%20teams%20for%20free%20first.%20They%20score%20from%20real%20results%20and%20you%20can%20see%20your%20private%20points%20preview.%0A%0AUse%20a%20ticket%20only%20if%20you%20want%20to%20enter%20the%20paid%20leaderboard.%0A%0AUse%20code%2026BC4B90CB%20here%3A%0Ahttps%3A%2F%2Fworldcup26.world%2Flogin%3Fref%3D26BC4B90CB%26utm_source%3Dreplies%26utm_medium%3Dmanual-replies%26utm_campaign%3Dworldcup26_referral_72h%26utm_content%3Dnano_h10,https://www.facebook.com/sharer/sharer.php?u=https%3A%2F%2Fworldcup26.world%2Flogin%3Fref%3D26BC4B90CB%26utm_source%3Dreplies%26utm_medium%3Dmanual-replies%26utm_campaign%3Dworldcup26_referral_72h%26utm_content%3Dnano_h10,ready
2026-06-06 17:00 +0300,Nano,WhatsApp personal,manual outreach,media/worldcup26-main-video.mp4,https://worldcup26.world/login?ref=26BC4B90CB&utm_source=whatsapp-personal&utm_medium=manual-outreach&utm_campaign=worldcup26_referral_72h&utm_content=nano_h13,https://wa.me/?text=I%20invited%20you%20to%20WorldCup26.%0A%0APick%203%20teams%20for%20free%2C%20see%20your%20private%20points%20preview%2C%20and%20use%20a%20ticket%20only%20if%20you%20want%20to%20enter%20the%20paid%20leaderboard.%0A%0AUse%20my%20referral%20code%2026BC4B90CB%20when%20you%20join%3A%0Ahttps%3A%2F%2Fworldcup26.world%2Flogin%3Fref%3D26BC4B90CB%26utm_source%3Dwhatsapp-personal%26utm_medium%3Dmanual-outreach%26utm_campaign%3Dworldcup26_referral_72h%26utm_content%3Dnano_h13%0A%0AThe%20event%20has%20not%20started%20yet%2C%20so%20all%20teams%20are%20still%20available%20right%20now.,https://t.me/share/url?url=https%3A%2F%2Fworldcup26.world%2Flogin%3Fref%3D26BC4B90CB%26utm_source%3Dwhatsapp-personal%26utm_medium%3Dmanual-outreach%26utm_campaign%3Dworldcup26_referral_72h%26utm_content%3Dnano_h13&text=I%20invited%20you%20to%20WorldCup26.%0A%0APick%203%20teams%20for%20free%2C%20see%20your%20private%20points%20preview%2C%20and%20use%20a%20ticket%20only%20if%20you%20want%20to%20enter%20the%20paid%20leaderboard.%0A%0AUse%20my%20referral%20code%2026BC4B90CB%20when%20you%20join%3A%0Ahttps%3A%2F%2Fworldcup26.world%2Flogin%3Fref%3D26BC4B90CB%26utm_source%3Dwhatsapp-personal%26utm_medium%3Dmanual-outreach%26utm_campaign%3Dworldcup26_referral_72h%26utm_content%3Dnano_h13%0A%0AThe%20event%20has%20not%20started%20yet%2C%20so%20all%20teams%20are%20still%20available%20right%20now.,https://twitter.com/intent/tweet?text=I%20invited%20you%20to%20WorldCup26.%0A%0APick%203%20teams%20for%20free%2C%20see%20your%20private%20points%20preview%2C%20and%20use%20a%20ticket%20only%20if%20you%20want%20to%20enter%20the%20paid%20leaderboard.%0A%0AUse%20my%20referral%20code%2026BC4B90CB%20when%20you%20join%3A%0Ahttps%3A%2F%2Fworldcup26.world%2Flogin%3Fref%3D26BC4B90CB%26utm_source%3Dwhatsapp-personal%26utm_medium%3Dmanual-outreach%26utm_campaign%3Dworldcup26_referral_72h%26utm_content%3Dnano_h13%0A%0AThe%20event%20has%20not%20started%20yet%2C%20so%20all%20teams%20are%20still%20available%20right%20now.,https://www.facebook.com/sharer/sharer.php?u=https%3A%2F%2Fworldcup26.world%2Flogin%3Fref%3D26BC4B90CB%26utm_source%3Dwhatsapp-personal%26utm_medium%3Dmanual-outreach%26utm_campaign%3Dworldcup26_referral_72h%26utm_content%3Dnano_h13,ready
2026-06-06 22:00 +0300,Nano,Direct DMs,manual outreach,campaign/copy-bank.md,https://worldcup26.world/login?ref=26BC4B90CB&utm_source=direct-dms&utm_medium=manual-outreach&utm_campaign=worldcup26_referral_72h&utm_content=nano_h18,https://wa.me/?text=Quick%20version%3A%20you%20pick%203%20World%20Cup%20teams%20for%20free%20first.%20They%20score%20from%20real%20results%20and%20you%20can%20see%20your%20private%20points%20preview.%0A%0AUse%20a%20ticket%20only%20if%20you%20want%20to%20enter%20the%20paid%20leaderboard.%0A%0AUse%20code%2026BC4B90CB%20here%3A%0Ahttps%3A%2F%2Fworldcup26.world%2Flogin%3Fref%3D26BC4B90CB%26utm_source%3Ddirect-dms%26utm_medium%3Dmanual-outreach%26utm_campaign%3Dworldcup26_referral_72h%26utm_content%3Dnano_h18,https://t.me/share/url?url=https%3A%2F%2Fworldcup26.world%2Flogin%3Fref%3D26BC4B90CB%26utm_source%3Ddirect-dms%26utm_medium%3Dmanual-outreach%26utm_campaign%3Dworldcup26_referral_72h%26utm_content%3Dnano_h18&text=Quick%20version%3A%20you%20pick%203%20World%20Cup%20teams%20for%20free%20first.%20They%20score%20from%20real%20results%20and%20you%20can%20see%20your%20private%20points%20preview.%0A%0AUse%20a%20ticket%20only%20if%20you%20want%20to%20enter%20the%20paid%20leaderboard.%0A%0AUse%20code%2026BC4B90CB%20here%3A%0Ahttps%3A%2F%2Fworldcup26.world%2Flogin%3Fref%3D26BC4B90CB%26utm_source%3Ddirect-dms%26utm_medium%3Dmanual-outreach%26utm_campaign%3Dworldcup26_referral_72h%26utm_content%3Dnano_h18,https://twitter.com/intent/tweet?text=Quick%20version%3A%20you%20pick%203%20World%20Cup%20teams%20for%20free%20first.%20They%20score%20from%20real%20results%20and%20you%20can%20see%20your%20private%20points%20preview.%0A%0AUse%20a%20ticket%20only%20if%20you%20want%20to%20enter%20the%20paid%20leaderboard.%0A%0AUse%20code%2026BC4B90CB%20here%3A%0Ahttps%3A%2F%2Fworldcup26.world%2Flogin%3Fref%3D26BC4B90CB%26utm_source%3Ddirect-dms%26utm_medium%3Dmanual-outreach%26utm_campaign%3Dworldcup26_referral_72h%26utm_content%3Dnano_h18,https://www.facebook.com/sharer/sharer.php?u=https%3A%2F%2Fworldcup26.world%2Flogin%3Fref%3D26BC4B90CB%26utm_source%3Ddirect-dms%26utm_medium%3Dmanual-outreach%26utm_campaign%3Dworldcup26_referral_72h%26utm_content%3Dnano_h18,ready
2026-06-07 02:00 +0300,Nano,Community replies,manual replies,campaign/copy-bank.md,https://worldcup26.world/login?ref=26BC4B90CB&utm_source=community-replies&utm_medium=manual-replies&utm_campaign=worldcup26_referral_72h&utm_content=nano_h22,https://wa.me/?text=Quick%20version%3A%20you%20pick%203%20World%20Cup%20teams%20for%20free%20first.%20They%20score%20from%20real%20results%20and%20you%20can%20see%20your%20private%20points%20preview.%0A%0AUse%20a%20ticket%20only%20if%20you%20want%20to%20enter%20the%20paid%20leaderboard.%0A%0AUse%20code%2026BC4B90CB%20here%3A%0Ahttps%3A%2F%2Fworldcup26.world%2Flogin%3Fref%3D26BC4B90CB%26utm_source%3Dcommunity-replies%26utm_medium%3Dmanual-replies%26utm_campaign%3Dworldcup26_referral_72h%26utm_content%3Dnano_h22,https://t.me/share/url?url=https%3A%2F%2Fworldcup26.world%2Flogin%3Fref%3D26BC4B90CB%26utm_source%3Dcommunity-replies%26utm_medium%3Dmanual-replies%26utm_campaign%3Dworldcup26_referral_72h%26utm_content%3Dnano_h22&text=Quick%20version%3A%20you%20pick%203%20World%20Cup%20teams%20for%20free%20first.%20They%20score%20from%20real%20results%20and%20you%20can%20see%20your%20private%20points%20preview.%0A%0AUse%20a%20ticket%20only%20if%20you%20want%20to%20enter%20the%20paid%20leaderboard.%0A%0AUse%20code%2026BC4B90CB%20here%3A%0Ahttps%3A%2F%2Fworldcup26.world%2Flogin%3Fref%3D26BC4B90CB%26utm_source%3Dcommunity-replies%26utm_medium%3Dmanual-replies%26utm_campaign%3Dworldcup26_referral_72h%26utm_content%3Dnano_h22,https://twitter.com/intent/tweet?text=Quick%20version%3A%20you%20pick%203%20World%20Cup%20teams%20for%20free%20first.%20They%20score%20from%20real%20results%20and%20you%20can%20see%20your%20private%20points%20preview.%0A%0AUse%20a%20ticket%20only%20if%20you%20want%20to%20enter%20the%20paid%20leaderboard.%0A%0AUse%20code%2026BC4B90CB%20here%3A%0Ahttps%3A%2F%2Fworldcup26.world%2Flogin%3Fref%3D26BC4B90CB%26utm_source%3Dcommunity-replies%26utm_medium%3Dmanual-replies%26utm_campaign%3Dworldcup26_referral_72h%26utm_content%3Dnano_h22,https://www.facebook.com/sharer/sharer.php?u=https%3A%2F%2Fworldcup26.world%2Flogin%3Fref%3D26BC4B90CB%26utm_source%3Dcommunity-replies%26utm_medium%3Dmanual-replies%26utm_campaign%3Dworldcup26_referral_72h%26utm_content%3Dnano_h22,ready
2026-06-07 06:00 +0300,Nano,WhatsApp personal,manual outreach,campaign/copy-bank.md,https://worldcup26.world/login?ref=26BC4B90CB&utm_source=whatsapp-personal&utm_medium=manual-outreach&utm_campaign=worldcup26_referral_72h&utm_content=nano_h26,https://wa.me/?text=I%20invited%20you%20to%20WorldCup26.%0A%0APick%203%20teams%20for%20free%2C%20see%20your%20private%20points%20preview%2C%20and%20use%20a%20ticket%20only%20if%20you%20want%20to%20enter%20the%20paid%20leaderboard.%0A%0AUse%20my%20referral%20code%2026BC4B90CB%20when%20you%20join%3A%0Ahttps%3A%2F%2Fworldcup26.world%2Flogin%3Fref%3D26BC4B90CB%26utm_source%3Dwhatsapp-personal%26utm_medium%3Dmanual-outreach%26utm_campaign%3Dworldcup26_referral_72h%26utm_content%3Dnano_h26%0A%0AThe%20event%20has%20not%20started%20yet%2C%20so%20all%20teams%20are%20still%20available%20right%20now.,https://t.me/share/url?url=https%3A%2F%2Fworldcup26.world%2Flogin%3Fref%3D26BC4B90CB%26utm_source%3Dwhatsapp-personal%26utm_medium%3Dmanual-outreach%26utm_campaign%3Dworldcup26_referral_72h%26utm_content%3Dnano_h26&text=I%20invited%20you%20to%20WorldCup26.%0A%0APick%203%20teams%20for%20free%2C%20see%20your%20private%20points%20preview%2C%20and%20use%20a%20ticket%20only%20if%20you%20want%20to%20enter%20the%20paid%20leaderboard.%0A%0AUse%20my%20referral%20code%2026BC4B90CB%20when%20you%20join%3A%0Ahttps%3A%2F%2Fworldcup26.world%2Flogin%3Fref%3D26BC4B90CB%26utm_source%3Dwhatsapp-personal%26utm_medium%3Dmanual-outreach%26utm_campaign%3Dworldcup26_referral_72h%26utm_content%3Dnano_h26%0A%0AThe%20event%20has%20not%20started%20yet%2C%20so%20all%20teams%20are%20still%20available%20right%20now.,https://twitter.com/intent/tweet?text=I%20invited%20you%20to%20WorldCup26.%0A%0APick%203%20teams%20for%20free%2C%20see%20your%20private%20points%20preview%2C%20and%20use%20a%20ticket%20only%20if%20you%20want%20to%20enter%20the%20paid%20leaderboard.%0A%0AUse%20my%20referral%20code%2026BC4B90CB%20when%20you%20join%3A%0Ahttps%3A%2F%2Fworldcup26.world%2Flogin%3Fref%3D26BC4B90CB%26utm_source%3Dwhatsapp-personal%26utm_medium%3Dmanual-outreach%26utm_campaign%3Dworldcup26_referral_72h%26utm_content%3Dnano_h26%0A%0AThe%20event%20has%20not%20started%20yet%2C%20so%20all%20teams%20are%20still%20available%20right%20now.,https://www.facebook.com/sharer/sharer.php?u=https%3A%2F%2Fworldcup26.world%2Flogin%3Fref%3D26BC4B90CB%26utm_source%3Dwhatsapp-personal%26utm_medium%3Dmanual-outreach%26utm_campaign%3Dworldcup26_referral_72h%26utm_content%3Dnano_h26,ready
2026-06-07 10:00 +0300,Nano,DM follow-up,manual outreach,campaign/copy-bank.md,https://worldcup26.world/login?ref=26BC4B90CB&utm_source=dm-follow-up&utm_medium=manual-outreach&utm_campaign=worldcup26_referral_72h&utm_content=nano_h30,https://wa.me/?text=Quick%20version%3A%20you%20pick%203%20World%20Cup%20teams%20for%20free%20first.%20They%20score%20from%20real%20results%20and%20you%20can%20see%20your%20private%20points%20preview.%0A%0AUse%20a%20ticket%20only%20if%20you%20want%20to%20enter%20the%20paid%20leaderboard.%0A%0AUse%20code%2026BC4B90CB%20here%3A%0Ahttps%3A%2F%2Fworldcup26.world%2Flogin%3Fref%3D26BC4B90CB%26utm_source%3Ddm-follow-up%26utm_medium%3Dmanual-outreach%26utm_campaign%3Dworldcup26_referral_72h%26utm_content%3Dnano_h30,https://t.me/share/url?url=https%3A%2F%2Fworldcup26.world%2Flogin%3Fref%3D26BC4B90CB%26utm_source%3Ddm-follow-up%26utm_medium%3Dmanual-outreach%26utm_campaign%3Dworldcup26_referral_72h%26utm_content%3Dnano_h30&text=Quick%20version%3A%20you%20pick%203%20World%20Cup%20teams%20for%20free%20first.%20They%20score%20from%20real%20results%20and%20you%20can%20see%20your%20private%20points%20preview.%0A%0AUse%20a%20ticket%20only%20if%20you%20want%20to%20enter%20the%20paid%20leaderboard.%0A%0AUse%20code%2026BC4B90CB%20here%3A%0Ahttps%3A%2F%2Fworldcup26.world%2Flogin%3Fref%3D26BC4B90CB%26utm_source%3Ddm-follow-up%26utm_medium%3Dmanual-outreach%26utm_campaign%3Dworldcup26_referral_72h%26utm_content%3Dnano_h30,https://twitter.com/intent/tweet?text=Quick%20version%3A%20you%20pick%203%20World%20Cup%20teams%20for%20free%20first.%20They%20score%20from%20real%20results%20and%20you%20can%20see%20your%20private%20points%20preview.%0A%0AUse%20a%20ticket%20only%20if%20you%20want%20to%20enter%20the%20paid%20leaderboard.%0A%0AUse%20code%2026BC4B90CB%20here%3A%0Ahttps%3A%2F%2Fworldcup26.world%2Flogin%3Fref%3D26BC4B90CB%26utm_source%3Ddm-follow-up%26utm_medium%3Dmanual-outreach%26utm_campaign%3Dworldcup26_referral_72h%26utm_content%3Dnano_h30,https://www.facebook.com/sharer/sharer.php?u=https%3A%2F%2Fworldcup26.world%2Flogin%3Fref%3D26BC4B90CB%26utm_source%3Ddm-follow-up%26utm_medium%3Dmanual-outreach%26utm_campaign%3Dworldcup26_referral_72h%26utm_content%3Dnano_h30,ready
